HOOD,Neigborhood
Alderwood,Alderwood
Bathurst Manor,Bathurst Manor
Bay Street Corridor,Bay Street Corridor
Bayview Village,Bayview Village
Bedford Park-Nortown,Bedford Park-Nortown
Beechborough-Greenbrook,Beechborough-Greenbrook
Bendale,Bendale
Birchcliffe-Cliffside,Birchcliffe-Cliffside
Black Creek,Black Creek
Briar Hill-Belgravia,Briar Hill-Belgravia
Broadview North,Broadview North
Brookhaven-Amesbury,Brookhaven-Amesbury
Cabbagetown-South St.James Town,Cabbagetown-South St. James Town
Caledonia-Fairbanks,Caledonia-Fairbank
Casa Loma,Casa Loma
Church-Yonge Corridor,Church-Yonge Corridor
Clairlea-Birchmount,Clairlea-Birchmount
Clanton Park,Clanton Park
Cliffcrest,Cliffcrest
Crescent Town,Crescent Town
Dorset Park,Dorset Park
Downsview-Roding-CFB,Downsview
East End-Danforth,East End-Danforth
Danforth Village - East York,Danforth Village-East York
Edenbridge-Humber Valley,Edenbridge-Humber Valley
Eglinton East,Eglinton East
Elms-Old Rexdale,Elms-Old Rexdale
Englemount-Lawrence,Englemount-Lawrence
Eringate-Centennial-West Deane,Eringate-Centennial-West Deane
Etobicoke West Mall,Etobicoke West Mall
Flemingdon Park,Flemingdon Park
Forest Hill North,Forest Hill North
Forest Hill South,Forest Hill South
Guildwood,Guildwood
Henry Farm,Henry Farm
High Park-Swansea,High Park-Swansea
Humber Heights-Westmount,Humber Heights-Westmount
Humewood-Cedarvale,Humewood-Cedarvale
Ionview,Ionview
Keelesdale-Eglinton West,Caledonia-Fairbank
Kennedy Park,Kennedy Park
Kensington-Chinatown,Kensington-Chinatown
Kingsview Village-The Westway,Kingsview Village-The Westway
Kingsway South,Islington/City Centre North
Lambton Baby Point,Islington/City Centre North
Lansing-Westgate,Lansing-Westgate
Lawrence Park North,Lawrence Park North
Lawrence Park South,Lawrence Park South
Leaside-Bennington,Leaside-Bennington
Long Branch,Long Branch
Maple Leaf,Maple Leaf
Mimico,Mimico
Morningside,Morningside
Mount Dennis,Mount Dennis
Mount Pleasant East,Mount Pleasant East
Mount Pleasant West,Mount Pleasant West
New Toronto,New Toronto
North St.James Town,Cabbagetown-South St. James Town
Oakridge,Oakridge
Oakwood-Vaughan,Oakwood-Vaughan
O'Connor-Parkview,O'Connor-Parkview
Old East York,Old East York
Parkwoods-Donalda,Parkwoods-Donalda
Playter Estates-Danforth,Playter Estates-Danforth
Princess-Rosethorn,Eringate-Centennial-West Deane
Rexdale-Kipling,Rexdale-Kipling
Rockcliffe-Smythe,Rockcliffe-Smythe
Roncesvalles,Roncesvalles
Rosedale-Moore Park,Moore Park
Rouge,Eringate-Centennial-West Deane
Scarborough Village,Scarborough Village
South Riverdale,Riverdale
St.Andrew-Windfields,St. Andrew-Windfields
Stonegate-Queensway,Stonegate-Queensway
Tam O'Shanter-Sullivan,Tam O'Shanter-Sullivan
The Beaches,The Beaches
Thorncliffe Park,Thorncliffe Park
Victoria Village,Victoria Village
Waterfront Communities-The Island,Waterfront Communities -The Island
West Hill,West Hill
West Humber-Clairville,West Humber-Clairville
Westminster-Branson,Westminster-Branson
Weston,Weston
Wexford\/Maryvale,Wexford-Maryvale
Willowridge-Martingrove-Richview,Willowridge-Martingrove-Richview
Woburn,Woburn
Woodbine-Lumsden,Danforth Village-East York
Wychwood,Dovercourt/Davenport/Junction
Yonge-Eglinton,Yonge-Eglinton
Yonge-St.Clair,Yonge-St. Clair
Yorkdale-Glen Park,Yorkdale-Glen Park
Agincourt North,Agincourt/Malvern
Agincourt South-Malvern West,Agincourt/Malvern
Bridle Path-Sunnybrook-York Mills,Banbury-Don Mills/York Mills
Banbury-Don Mills,Banbury-Don Mills/York Mills
Corsa Italia-Davenport,Dovercourt/Davenport/Junction
Dovercourt-Wallace Emerson-Juncti,Dovercourt/Davenport/Junction
Little Portugal,Dufferin Grove/Little Portugal
Dufferin Grove,Dufferin Grove/Little Portugal
High Park North,High Park North/Junction
Junction Area,High Park North/Junction
Islington-City Centre West,Islington/City Centre North
Woodbine Corridor,Woodbine Corridor/Greenwood-Coxwell
Greenwood-Coxwell,Woodbine Corridor/Greenwood-Coxwell
Hillcrest Village,Dovercourt/Davenport/Junction
Bayview Woods-Steeles,Dovercourt/Davenport/Junction
Willowdale East,Willowdale East/Newtonbrook East
Willowdale West,Willowdale West/Newtonbrook West
L'Amoreaux,L'Amoreaux/Steeles/Milliken
Milliken,L'Amoreaux/Steeles/Milliken
Steeles,L'Amoreaux/Steeles/Milliken
Moss Park,Moss Park/Regent Park
Regent Park,Moss Park/Regent Park
Trinity-Bellwoods,Little Italy/Trinity-Bellwoods
Palmerston-Little Italy,Little Italy/Trinity-Bellwoods
Thistletown-Beaumond Heights,Mount Olive-Silverstone-Jamestown/Thistletown
Mount Olive-Silverstone-Jamestown,Mount Olive-Silverstone-Jamestown/Thistletown
Rustic,Humber Heights-Westmount
Pelmo Park-Humberlea,Humber Heights-Westmount
University,University/Annex
Annex,University/Annex
Don Valley Village,Don Valley Village/Pleasant View
Pleasant View,Don Valley Village/Pleasant View
South Parkdale,South Parkdale/King West
Malvern,Agincourt/Malvern
Centennial Scarborough,Eringate-Centennial-West Deane
Newtonbrook East,Willowdale East/Newtonbrook East
Newtonbrook West,Willowdale West/Newtonbrook West
York University Heights,University/Annex
Danforth Village - Toronto,Danforth Village-East York
Humber Summit,Humber Heights-Westmount
Humbermede,Edenbridge-Humber Valley
North Riverdale,Riverdale
Weston-Pellam Park,Weston
Markland Woods,Islington/City Centre North
Runnymede-Bloor West Village,High Park North/Junction
Niagara,South Parkdale/King West
Blake-Jones,Riverdale
Glenfield-Jane Heights,Black Creek
Highland Creek,Scarborough Village
